name,facebook_url
Jean Dionis du Séjour,https://www.facebook.com/jean.dionis
Maryse Joissains-Masini1,https://www.facebook.com/marysejoissains
Dominique Dord,https://www.facebook.com/dominique.dord/
Laurent Marcangeli,https://www.facebook.com/Laurent-Marcangeli-2014-591095377595376/
Stéphanie Guiraud-Chaumeil,https://m.facebook.com/stephanie.guiraudchaumeil
Joaquim Pueyo,
Brigitte Fouré,https://www.facebook.com/brigittefoure/
Christophe Béchu,https://www.facebook.com/ChristopheBechu/
Xavier Bonnefont,https://www.facebook.com/xavier.bonnefont
Jean-Luc Rigaut,https://www.facebook.com/jeanluc.rigaut.2014/about?lst=689957272%3A100007772347609%3A1497439024
Jean Léonetti,https://www.facebook.com/JeanLeonetti06/
Georges Mothron,https://www.facebook.com/georgesmothron/
Hervé Schiavetti,https://www.facebook.com/h.schiavetti
Frédéric Leturque,https://www.facebook.com/pg/FLeturque/about/?ref=page_internal
Manuel Aeschlimann,https://www.facebook.com/manuel.aeschlimann
Meriem Derkaoui,https://www.facebook.com/Mériem-Derkaoui-839705259454864/
Franck Montaugé,
Pierre Mathonier,https://www.facebook.com/Pierre-Mathonier-Aurillac-2014-1394314780815224/
Rémy Rebeyrotte,https://www.facebook.com/remy.rebeyrotte
Guy Ferez,https://www.facebook.com/pg/guy.ferez/about/?ref=page_internal
Cécile Helle,https://www.facebook.com/cecile.helle
Bertrand Pancher,https://www.facebook.com/bertrand.pancher
Marie-Luce Penchard,https://www.facebook.com/penchard
Pierre Savelli,https://www.facebook.com/pierre.savelli.5
Jean-René Etchegaray,https://www.facebook.com/jeanrene.etchegaray/
Caroline Cayeux,https://www.facebook.com/caroline.cayeux/
Damien Meslot,
Jean-Louis Fousseret,https://www.facebook.com/fousseret/
Olivier Gacquerre,https://www.facebook.com/olivier.gacquerre
Robert Ménard,https://www.facebook.com/pg/robertmenard.fr/about/?ref=page_internal
Michel Veunac,
Bernard Keller,
Marc Gricourt,https://www.facebook.com/jfhjgfhghhg
Stéphane De Paoli,https://www.facebook.com/stephane.depaoli.7
Alain Juppé,https://www.facebook.com/pg/AlainJuppe/about/?ref=page_internal
Pierre-Christophe Baguet,https://www.facebook.com/pierrechristophe.baguet/
Mireille Hingrez-Céréda,
Serge Lepeltier,
François Cuillandre,https://www.facebook.com/fcuillandre/
Gérard Fromm,
Philippe Soulier,https://www.facebook.com/frederic.soulier.18
Annie Guillemot,
Alain Wacheux,https://www.facebook.com/alain.wacheux
Joël Bruneau,https://www.facebook.com/joel.bruneau.50/
Jean-Marc Vayssouze-Faure,https://www.facebook.com/jeanmarc.vayssouzefaure
Natacha Bouchart,https://www.facebook.com/natacha.bouchart.7/
David Lisnard,https://www.facebook.com/lisnard.david
Gérard Larrat,https://www.facebook.com/gerard.larrat.7
Francis Adolphe,https://www.facebook.com/francisadolphe/
Marie-Laure Phinéra-Horth,
Jean-Paul Jeandon,https://www.facebook.com/jeanpaul.jeandon/
Gilles Platret,
Benoist Apparu,https://www.facebook.com/Benoist-APPARU-57275787810/
Michel Dantin,https://www.facebook.com/michel.dantin.1
Boris Ravignon,https://www.facebook.com/boris.ravignon
Jean-Pierre Gorges,
Gil Avérous,https://www.facebook.com/pg/gilaverous/about/?ref=page_internal
Christine Guillemy,https://www.facebook.com/Christine-Guillemy-539794302843783/
Benoît Arrivé,
Jean-Didier Berger,https://www.facebook.com/people/Jean-Didier-Berger/100000303747913
Olivier Bianchi,
Remi Muzeau,https://www.facebook.com/remi.muzeau
Gilbert Meyer,https://www.facebook.com/Gilbert-Meyer-Officiel-1397261573836463/
Nicole Gouéta,https://www.facebook.com/nicole.goueta
Philippe Marini,https://www.facebook.com/philippe.marini
Jean-Pierre Bechter,https://www.facebook.com/jpbechterpour.corbeilessonnes
Jacques Kossowski,https://www.facebook.com/jakossowski
Jean-Claude Villemain,https://www.facebook.com/jc.villemain
Laurent Cathala,
Sébastien Jumel,https://www.facebook.com/sebastien.jumel.9/
Serge Gloaguen,
François Rebsamen,https://www.facebook.com/frebsamen/
Didier Lechien,https://www.facebook.com/didierlechien
Jean-Marie Sermier,https://www.facebook.com/jeanmarie.sermier/
Frédéric Chéreau,https://www.facebook.com/frederic.chereau.7/
Patrice Vergriete,https://www.facebook.com/pavergriete
Michel Heinrich,https://www.facebook.com/mheinrich.vosges
Hervé Chevreau,https://www.facebook.com/herve.chevreau/
Guy Lefrand,https://www.facebook.com/agendaguylefrand?fref=nf&__tn__=C
Francis Chouat,https://www.facebook.com/francis.chouat
Norbert Meler,
Laurent Kalinowski,https://www.facebook.com/Laurent-Kalinowski-244595155648052/
Didier Laguerre,https://www.facebook.com/dilaguerre/
Roger Didier,
Éric Piolle,https://www.facebook.com/ericpiolle/
Michel Vergnier,https://www.facebook.com/michelvergnier/
André Santini,https://www.facebook.com/AndreSantini/
Luc Bouard,https://www.facebook.com/LucBouard-1419299121625450/
Jean-François Fountaine,https://www.facebook.com/jeanfrancoisfountaine/
Antoine Lefèvre,https://www.facebook.com/antoinelaon2014/
François Zocchetto,
David Marti,https://www.facebook.com/david.marti.creusot/
Luc Lemonnier,https://www.facebook.com/luclemonnier.lehavre
Jean-Claude Boulard,https://www.facebook.com/BOULARDJC/
Laurent Wauquiez,https://www.facebook.com/LaurentWauquiez/
Sylvain Robert,https://www.facebook.com/mairiedelens/?fref=nf
Martine Aubry,https://www.facebook.com/martineaubry.fr/
Émile-Roger Lombertie,https://www.facebook.com/emileroger.lombertie
Jacques Pélissard,https://www.facebook.com/Jacques-P%C3%A9lissard-475065995933842/
Norbert Métairie,https://www.facebook.com/Norbert-M%C3%A9tairie-269702099865130/
Gérard Collomb,https://www.facebook.com/GerardCollomb/
Jean-Patrick Courtois,
Mohamed Majani,
Jean-Claude Gaudin,https://www.facebook.com/jeanclaudegaudin/?ref=nf
Arnaud Decagny,https://www.facebook.com/arnaud.decagny.1
Gérard Millet,https://www.facebook.com/gerard.millet.988
Alain Bertrand,
Dominique Gros,https://www.facebook.com/Dominique-Gros-479078625545294/
Geneviève Darrieussecq,https://www.facebook.com/genevieve.darrieussecq
Brigitte Barèges,https://www.facebook.com/brigitte.bareges/
Marie-Noëlle Biguinet,https://www.facebook.com/marienoelle.biguinet
Marie-Claude Jarrot,https://www.facebook.com/marieclaude.jarrot
Daniel Dugléry,https://www.facebook.com/DanielDuglery/
Philippe Saurel,https://www.facebook.com/P.Saurel/
Patrice Bessac,https://www.facebook.com/pbessac
Pierre-André Périssol,https://www.facebook.com/PAPerissol
Jean Rottner,https://www.facebook.com/jean.rottner/
Laurent Hénart,https://www.facebook.com/laurent.henart/
Patrick Jarry,https://www.facebook.com/patrick.jarry.395
Johanna Rolland,https://www.facebook.com/Johanna-Rolland-527856500606836/
Denis Thuriot,https://www.facebook.com/denisthuriot/
Christian Estrosi,https://www.facebook.com/estrosi.christian/
Jean-Paul Fournier,https://www.facebook.com/JeanPaulFournier30/
Jérôme Baloge,
Sonia Lagarde,https://www.facebook.com/sonia.lagarde.18
Olivier Carré,https://www.facebook.com/ocarre45
Michel Buillard,https://www.facebook.com/michel.buillard.7
Anne Hidalgo,https://www.facebook.com/HidalgoAnne/
François Bayrou,https://www.facebook.com/bayrou/
Antoine Audi,https://www.facebook.com/antoine.audi.5
Jean-Marc Pujol,https://www.facebook.com/jeanmarc.pujol/
Jacques Bangou,https://www.facebook.com/jacquesbangou1/
Alain Claeys,
Philippe Houillon,https://www.facebook.com/Philippe-Houillon-131645473672774/
Michel Valla,https://www.facebook.com/valla.michel/
Ludovic Jolivet,https://www.facebook.com/ludovic.jolivet.31
Arnaud Robinet,https://www.facebook.com/arnaud.robinet.5
Nathalie Appéré,https://www.facebook.com/appere.nathalie/
Yves Nicolin,https://www.facebook.com/yves.nicolin
Christian Teyssèdre,
Guillaume Delbar,https://www.facebook.com/guillaume.delbar
Yvon Robert,https://www.facebook.com/yvon.robert.779?ref=br_rs
Bruno Joncour,https://www.facebook.com/bruno.joncour
Gilbert Annette,https://www.facebook.com/gilbertannette974/
Laurent Russier,https://www.facebook.com/laurent.russier.9
François Cornut-Gentille,
Gaël Perdriau,https://www.facebook.com/gael.perdriau.9
François Brière,https://www.facebook.com/francois.briere.50
Claude Renoult,https://www.facebook.com/claude.renoult
David Samzun,https://www.facebook.com/david.samzun.9
Joseph Sinimalé,https://www.facebook.com/JosephSinimale2014/
Karine Claireaux,https://www.facebook.com/karine.claireaux
Frédérique Macarez,https://www.facebook.com/frederique.macarez.3
François Pupponi,https://www.facebook.com/Pupponi
Marie-Louise Fort,
François Commeinhes,https://www.facebook.com/commeinhes
Azzedine Taïbi,https://www.facebook.com/azzedine.taibi.stains
Roland Ries,https://www.facebook.com/roland.ries.strasbourg
Alain Cazabonne,https://www.facebook.com/cazabonne
Gérard Trémège,https://www.facebook.com/gerard.tremege/
Pierre Cuny,https://www.facebook.com/pierre.cuny.3
Hubert Falco,https://www.facebook.com/hubertfalco/
Jean-Luc Moudenc,https://www.facebook.com/jlmoudenc/
Gérald Darmanin,https://www.facebook.com/gerald.darmanin/
Serge Babary,https://www.facebook.com/SergeBabary37/
François Baroin,https://www.facebook.com/baroin/
Bernard Combes,https://www.facebook.com/bernard.combes.562
Nicolas Daragon,https://www.facebook.com/nicolas.daragon.9/
Laurent Degallaix,https://www.facebook.com/Laurent-Degallaix-616330788404860/
David Robo,https://www.facebook.com/David-Robo-585581858175083/
Hélène Geoffroy,
Michèle Picard,https://www.facebook.com/michele.picard.142
François de Mazières,https://www.facebook.com/FrancoisDeMazieres/
Alain Chrétien,https://www.facebook.com/alain.chretien
Claude Malhuret,https://www.facebook.com/ClaudeMalhuret/
Bernard Perrut,https://www.facebook.com/bernardperrut1/
Jean-Paul Bret,https://www.facebook.com/Jean-Paul-Bret-175445489561162/
